"Symbol","Address","DeclaredSize","Kind","Upstream","ProjectRYNO"
"snd_StartSoundSystemEx","0x00157D60","0x238","named function","body present; not compatibility-verified","retained assembly"
"snd_FlushSoundCommands","0x00157F98","0x1F0","named function","body present; not compatibility-verified","retained assembly"
"func_00158188","0x00158188","0xC","stack-adjustment remnant; not a normal function","not applicable to remnant","retained assembly remnant"
"snd_GotReturns","0x00158198","0xA4","named function","body present; not compatibility-verified","retained assembly"
"snd_PrepareReturnBuffer","0x00158240","0x5C","named function","body present; not compatibility-verified","retained assembly"
"func_001582A0","0x001582A0","0x4","stack-adjustment remnant; not a normal function","not applicable to remnant","retained assembly remnant"
"snd_BankLoadByLoc_CB","0x001582A8","0x154","named function","contains UNIMPLEMENTED path","retained assembly"
"snd_BankLoadFromEE","0x00158400","0x150","named function","contains UNIMPLEMENTED path","retained assembly"
"func_00158550","0x00158550","0x14","stack-adjustment remnant; not a normal function","not applicable to remnant","retained assembly remnant"
"snd_ResolveBankXREFS","0x00158568","0x2C","named function","body present; not compatibility-verified","compiled C; differential tests pass"
"snd_UnloadBank","0x00158598","0x30","named function","body present; not compatibility-verified","compiled C; differential tests pass"
"snd_UnloadBank_CB","0x001585C8","0x30","named function","body present; not compatibility-verified","compiled C; differential tests pass"
"snd_SetMasterVolume","0x001585F8","0x34","named function","body present; not compatibility-verified","compiled C; differential tests pass"
"snd_SetMasterVolumeDucker","0x00158630","0x74","named function","body present; not compatibility-verified","retained assembly"
"snd_SetPlaybackMode","0x001586A8","0x30","named function","contains UNIMPLEMENTED path","compiled C; differential tests pass"
"func_001586D8","0x001586D8","0x14","stack-adjustment remnant; not a normal function","not applicable to remnant","retained assembly remnant"
"snd_SetGroupVoiceRange","0x001586F0","0x3C","named function","contains UNIMPLEMENTED path","compiled C; differential tests pass"
"snd_SetReverbMode","0x00158730","0x30","named function","contains UNIMPLEMENTED path","compiled C; differential tests pass"
"func_00158760","0x00158760","0x1C","stack-adjustment remnant; not a normal function","not applicable to remnant","retained assembly remnant"
"snd_PlaySoundVolPanPMPB_CB","0x00158780","0x48","named function","contains UNIMPLEMENTED path","compiled C; differential tests pass"
"func_001587C8","0x001587C8","0x14","stack-adjustment remnant; not a normal function","not applicable to remnant","retained assembly remnant"
"snd_StopSound","0x001587E0","0x30","named function","body present; not compatibility-verified","compiled C; differential tests pass"
"func_00158810","0x00158810","0x24","stack-adjustment remnant; not a normal function","not applicable to remnant","retained assembly remnant"
"snd_StopAllSounds","0x00158838","0x2C","named function","contains UNIMPLEMENTED path","compiled C; differential tests pass"
"snd_PauseAllSoundsInGroup","0x00158868","0x30","named function","contains UNIMPLEMENTED path","compiled C; differential tests pass"
"snd_ContinueAllSoundsInGroup","0x00158898","0x30","named function","contains UNIMPLEMENTED path","compiled C; differential tests pass"
"snd_StopAllSoundsInGroup","0x001588C8","0x30","named function","contains UNIMPLEMENTED path","compiled C; differential tests pass"
"snd_SoundIsStillPlaying","0x001588F8","0x28","named function","body present; not compatibility-verified","compiled C; differential tests pass"
"snd_SoundIsStillPlaying_CB","0x00158920","0x30","named function","body present; not compatibility-verified","compiled C; differential tests pass"
"func_00158950","0x00158950","0x34","stack-adjustment remnant; not a normal function","not applicable to remnant","retained assembly remnant"
"snd_SetSoundParams_A","0x00158988","0x20","named function","contains UNIMPLEMENTED path","compiled C; differential tests pass"
"snd_SetSoundParams_CB","0x001589A8","0x48","named function","contains UNIMPLEMENTED path","compiled C; differential tests pass"
"func_001589F0","0x001589F0","0x3C","stack-adjustment remnant; not a normal function","not applicable to remnant","retained assembly remnant"
"snd_SendIOPCommandAndWait","0x00158A30","0x230","named function","contains UNIMPLEMENTED path","retained assembly"
"snd_SendIOPCommandNoWait","0x00158C60","0x360","named function","contains UNIMPLEMENTED path","retained assembly"
"snd_PostMessage","0x00158FC0","0x38","named function","body present; not compatibility-verified","retained assembly"
"snd_SendCurrentBatch","0x00158FF8","0x124","named function","body present; not compatibility-verified","retained assembly"
"snd_StartCaching","0x00159120","0x8","named function","body present; not compatibility-verified","compiled C; differential tests pass"
"snd_SendCache","0x00159128","0x8","named function","body present; not compatibility-verified","compiled C; differential tests pass"
"snd_InitVAGStreamingEx","0x00159130","0xA8","named function","contains UNIMPLEMENTED path","retained assembly"
"func_001591D8","0x001591D8","0x14","stack-adjustment remnant; not a normal function","not applicable to remnant","retained assembly remnant"
"snd_CloseVAGStreaming","0x001591F0","0x60","named function","contains UNIMPLEMENTED path","retained assembly"
"func_00159250","0x00159250","0x4","stack-adjustment remnant; not a normal function","not applicable to remnant","retained assembly remnant"
"snd_PlayVAGStreamByLocEx_CB","0x00159258","0x70","named function","contains UNIMPLEMENTED path","compiled C; differential tests pass"
"func_001592C8","0x001592C8","0xC","stack-adjustment remnant; not a normal function","not applicable to remnant","retained assembly remnant"
"snd_PauseVAGStream","0x001592D8","0x30","named function","contains UNIMPLEMENTED path","compiled C; differential tests pass"
"snd_ContinueVAGStream","0x00159308","0x30","named function","contains UNIMPLEMENTED path","compiled C; differential tests pass"
"snd_GetVAGStreamQueueCount_CB","0x00159338","0x30","named function","contains UNIMPLEMENTED path","compiled C; differential tests pass"
"snd_GetVAGStreamTimeRemaining_CB","0x00159368","0x30","named function","contains UNIMPLEMENTED path","compiled C; differential tests pass"
"snd_IsVAGStreamBuffered_CB","0x00159398","0x30","named function","contains UNIMPLEMENTED path","compiled C; differential tests pass"
"snd_StreamSafeCdRead","0x001593C8","0xBC","named function","contains UNIMPLEMENTED path","retained assembly"
"snd_StreamSafeCdSync","0x00159488","0x9C","named function","contains UNIMPLEMENTED path","retained assembly"
"snd_StreamSafeCdBreak","0x00159528","0x44","named function","contains UNIMPLEMENTED path","retained assembly"
"snd_StreamSafeCdGetError","0x00159570","0x38","named function","contains UNIMPLEMENTED path","retained assembly"
"func_001595A8","0x001595A8","0xC","stack-adjustment remnant; not a normal function","not applicable to remnant","retained assembly remnant"
"snd_StreamSafeCdCallback","0x001595B8","0x30","named function","contains UNIMPLEMENTED path","retained assembly"
"func_001595E8","0x001595E8","0xC","stack-adjustment remnant; not a normal function","not applicable to remnant","retained assembly remnant"
"snd_SetReverbEx","0x001595F8","0x40","named function","contains UNIMPLEMENTED path","compiled C; differential tests pass"
"snd_PreAllocReverbWorkArea","0x00159638","0x34","named function","contains UNIMPLEMENTED path","compiled C; differential tests pass"
"snd_AutoReverb","0x00159670","0x3C","named function","contains UNIMPLEMENTED path","compiled C; differential tests pass"
"func_001596B0","0x001596B0","0x24","stack-adjustment remnant; not a normal function","not applicable to remnant","retained assembly remnant"
"snd_SRAMGetFreeMem","0x001596D8","0x24","named function","contains UNIMPLEMENTED path","compiled C; differential tests pass"
"func_00159700","0x00159700","0x14","stack-adjustment remnant; not a normal function","not applicable to remnant","retained assembly remnant"
"snd_InitMovieSoundEx","0x00159718","0x3C","named function","contains UNIMPLEMENTED path","compiled C; differential tests pass"
"snd_ResetMovieSound","0x00159758","0x24","named function","contains UNIMPLEMENTED path","compiled C; differential tests pass"
"func_00159780","0x00159780","0xC","stack-adjustment remnant; not a normal function","not applicable to remnant","retained assembly remnant"
"snd_CloseMovieSound","0x00159790","0x24","named function","contains UNIMPLEMENTED path","compiled C; differential tests pass"
"snd_StartMovieSoundEx","0x001597B8","0x38","named function","contains UNIMPLEMENTED path","compiled C; differential tests pass"
"snd_GetTransStatus","0x001597F0","0x24","named function","contains UNIMPLEMENTED path","compiled C; differential tests pass"
"snd_UpdateMovieADPCM","0x00159818","0x2C","named function","contains UNIMPLEMENTED path","compiled C; differential tests pass"
"snd_GetMovieNAX","0x00159848","0x24","named function","contains UNIMPLEMENTED path","compiled C; differential tests pass"
"snd_DoExternCall","0x00159870","0x40","named function","contains UNIMPLEMENTED path","compiled C; differential tests pass"
"snd_DoExternCall_A","0x001598B0","0x48","named function","contains UNIMPLEMENTED path","compiled C; differential tests pass"
"snd_DoExternCall_CB","0x001598F8","0x50","named function","contains UNIMPLEMENTED path","compiled C; differential tests pass"
"snd_DoExternCallWithData","0x00159948","0x34","named function","contains UNIMPLEMENTED path","compiled C; differential tests pass"
"func_00159980","0x00159980","0x4","stack-adjustment remnant; not a normal function","not applicable to remnant","retained assembly remnant"
"snd_GetDopplerPitchMod","0x00159988","0x1C","named function","contains UNIMPLEMENTED path","retained assembly"
