source,name,address,size,implementation,next_step
code/svo3/HttpSecure.cpp,HTTPS_Malloc,0x01EE5000,0x3C,assembly,Review recorded slot blockers; use retail Ghidra/instructions and prototype before replacing
code/svo3/CPage.cpp,operator.new___dupe3,0x01EE5B64,0x3C,assembly,Review recorded slot blockers; use retail Ghidra/instructions and prototype before replacing
code/svo3/CPage.cpp,getTopOfHistory,0x01EE6B4C,0x18,assembly,Review recorded slot blockers; use retail Ghidra/instructions and prototype before replacing
code/svo3/CPage.cpp,doPost,0x01EE6B64,0x1C,assembly,Review recorded slot blockers; use retail Ghidra/instructions and prototype before replacing
code/svo3/CPage.cpp,setPageContextData,0x01EE7E60,0x8C,assembly,Review recorded slot blockers; use retail Ghidra/instructions and prototype before replacing
code/svo3/CPage.cpp,requestBinary,0x01EE83D8,0x7B0,assembly,Review recorded slot blockers; use retail Ghidra/instructions and prototype before replacing
code/svo3/CHttp.cpp,operator.new___dupe4,0x01EE9D40,0x30,assembly,Review recorded slot blockers; use retail Ghidra/instructions and prototype before replacing
code/svo3/CHttp.cpp,downloadHeaders,0x01EEAB08,0x1C0,assembly,Review recorded slot blockers; use retail Ghidra/instructions and prototype before replacing
code/svo3/CDrawContextBase.cpp,TrimToFitDisplaySize,0x01EEC4E8,0x24,assembly,Review recorded slot blockers; use retail Ghidra/instructions and prototype before replacing
code/svo3/CDrawContextBase.cpp,DrawGridScrollbars,0x01EEC818,0x318,assembly,Review recorded slot blockers; use retail Ghidra/instructions and prototype before replacing
code/svo3/CDrawContextBase.cpp,DrawGridHeader,0x01EECB30,0x110,assembly,Review recorded slot blockers; use retail Ghidra/instructions and prototype before replacing
code/svo3/CDrawContextBase.cpp,DrawPopupBackground,0x01EECC40,0x48,assembly,Review recorded slot blockers; use retail Ghidra/instructions and prototype before replacing
code/svo3/CDrawContextBase.cpp,DrawImage,0x01EECF0C,0x1AC,assembly,Review recorded slot blockers; use retail Ghidra/instructions and prototype before replacing
code/svo3/CDrawContextBase.cpp,DrawStaticImage,0x01EED0B8,0x1B4,assembly,Review recorded slot blockers; use retail Ghidra/instructions and prototype before replacing
code/svo3/CDrawContextBase.cpp,DrawListBox,0x01EED26C,0x240,assembly,Review recorded slot blockers; use retail Ghidra/instructions and prototype before replacing
code/svo3/SVBrowser.cpp,SV_IKS_Malloc,0x01EEE51C,0x3C,assembly,Review recorded slot blockers; use retail Ghidra/instructions and prototype before replacing
code/svo3/SVBrowser.cpp,Initialize___dupe4,0x01EEE654,0x638,assembly,Review recorded slot blockers; use retail Ghidra/instructions and prototype before replacing
code/svo3/SVBrowser.cpp,ReturnFromGame,0x01EEF074,0x14,assembly,Review recorded slot blockers; use retail Ghidra/instructions and prototype before replacing
code/svo3/SVBrowser.cpp,DrawPages,0x01EEF28C,0xCC,assembly,Review recorded slot blockers; use retail Ghidra/instructions and prototype before replacing
code/svo3/SVBrowser.cpp,InitalizePluginManagerAndPlugins,0x01EEF83C,0x68,assembly,Review recorded slot blockers; use retail Ghidra/instructions and prototype before replacing
code/svo3/SVBrowser.cpp,URIStoreFind,0x01EEFB08,0x70,assembly,Review recorded slot blockers; use retail Ghidra/instructions and prototype before replacing
code/svo3/SVBrowser.cpp,UpdateDownloadManager,0x01EEFD40,0xC8,assembly,Review recorded slot blockers; use retail Ghidra/instructions and prototype before replacing
code/svo3/SVBrowser.cpp,reset,0x01EEFE08,0x44,assembly,Review recorded slot blockers; use retail Ghidra/instructions and prototype before replacing
code/svo3/PageHistory.cpp,PageHistory,0x01EF0734,0x14,assembly,Review recorded slot blockers; use retail Ghidra/instructions and prototype before replacing
code/svo3/SVChronograph.cpp,operator.new___dupe5,0x01EF0B3C,0x3C,assembly,Review recorded slot blockers; use retail Ghidra/instructions and prototype before replacing
code/svo3/TextTag.cpp,TextTag,0x01EF2700,0x1A4,assembly,Review recorded slot blockers; use retail Ghidra/instructions and prototype before replacing
code/svo3/TextTag.cpp,HandleInput___dupe34,0x01EF28AC,0x190,assembly,Review recorded slot blockers; use retail Ghidra/instructions and prototype before replacing
code/svo3/TextTag.cpp,Draw___dupe8,0x01EF2A3C,0xE4,assembly,Review recorded slot blockers; use retail Ghidra/instructions and prototype before replacing
code/svo3/TextTag.cpp,IsSelectable___dupe6,0x01EF2B20,0x1C,assembly,Review recorded slot blockers; use retail Ghidra/instructions and prototype before replacing
code/svo3/SVTagModuleList.cpp,operator.new___dupe6,0x01EF2DB8,0x3C,assembly,Review recorded slot blockers; use retail Ghidra/instructions and prototype before replacing
code/svo3/TagUtils.cpp,getLinkOptionAttrib,0x01EF3318,0x84,assembly,Review recorded slot blockers; use retail Ghidra/instructions and prototype before replacing
code/svo3/SVTagModule.cpp,operator.new___dupe7,0x01EF3654,0x3C,assembly,Review recorded slot blockers; use retail Ghidra/instructions and prototype before replacing
code/svo3/SVTagModule.cpp,ScanTags___dupe2,0x01EF36C0,0x44,assembly,Review recorded slot blockers; use retail Ghidra/instructions and prototype before replacing
code/svo3/SVTag.cpp,operator.new___dupe8,0x01EF370C,0x3C,assembly,Review recorded slot blockers; use retail Ghidra/instructions and prototype before replacing
code/svo3/SVTag.cpp,SVTag,0x01EF382C,0x390,assembly,Review recorded slot blockers; use retail Ghidra/instructions and prototype before replacing
code/svo3/Navigation.cpp,getDistanceAutoNav,0x01EF3EEC,0x29C,assembly,Review recorded slot blockers; use retail Ghidra/instructions and prototype before replacing
code/svo3/Navigation.cpp,Navigate,0x01EF4188,0x30C,assembly,Review recorded slot blockers; use retail Ghidra/instructions and prototype before replacing
code/svo3/Navigation.cpp,autoNavigate,0x01EF4504,0x7F0,assembly,Review recorded slot blockers; use retail Ghidra/instructions and prototype before replacing
code/svo3/SVSock.cpp,operator.new___dupe9,0x01EF58C4,0x30,assembly,Review recorded slot blockers; use retail Ghidra/instructions and prototype before replacing
code/svo3/SetVariableTag.cpp,handleDownloadThrobber,0x01EF6720,0xFC,assembly,Review recorded slot blockers; use retail Ghidra/instructions and prototype before replacing
code/svo3/LineTag.cpp,LineTag,0x01EF6CC0,0x98,assembly,Review recorded slot blockers; use retail Ghidra/instructions and prototype before replacing
code/svo3/QuickLinkTag.cpp,HandleInput___dupe39,0x01EF6F04,0x23C,assembly,Review recorded slot blockers; use retail Ghidra/instructions and prototype before replacing
code/svo3/SelectTag.cpp,Draw___dupe13,0x01EF7830,0x100,assembly,Review recorded slot blockers; use retail Ghidra/instructions and prototype before replacing
code/svo3/SelectTag.cpp,changeCurOptionToNextLetterInAlphabet,0x01EF7B14,0x148,assembly,Review recorded slot blockers; use retail Ghidra/instructions and prototype before replacing
code/svo3/ImageTag.cpp,getImageTypeAttrib,0x01EF89D8,0x8C,assembly,Review recorded slot blockers; use retail Ghidra/instructions and prototype before replacing
code/svo3/StaticImageTag.cpp,DefaultInit___dupe11,0x01EF8CB4,0x74,assembly,Review recorded slot blockers; use retail Ghidra/instructions and prototype before replacing
code/svo3/TextAreaTag.cpp,TextAreaTag,0x01EF9350,0x48C,assembly,Review recorded slot blockers; use retail Ghidra/instructions and prototype before replacing
code/svo3/TextAreaTag.cpp,UpdateCursorPosition,0x01EFAA2C,0xD4,assembly,Review recorded slot blockers; use retail Ghidra/instructions and prototype before replacing
code/svo3/TextAreaTag.cpp,DrawCursor,0x01EFACA0,0x6C,assembly,Review recorded slot blockers; use retail Ghidra/instructions and prototype before replacing
code/svo3/TextInputTag.cpp,InitialiseFromXml,0x01EFB8A8,0x304,assembly,Review recorded slot blockers; use retail Ghidra/instructions and prototype before replacing
code/svo3/TextInputTag.cpp,handleSpecialKeys___dupe2,0x01EFC000,0x2CC,assembly,Review recorded slot blockers; use retail Ghidra/instructions and prototype before replacing
code/svo3/TextInputTag.cpp,getSubstringPixelWidth,0x01EFC2CC,0x24,assembly,Review recorded slot blockers; use retail Ghidra/instructions and prototype before replacing
code/svo3/TextInputTag.cpp,drawCursor,0x01EFC3A4,0x144,assembly,Review recorded slot blockers; use retail Ghidra/instructions and prototype before replacing
code/svo3/TextInputTag.cpp,setText,0x01EFC598,0xBC,assembly,Review recorded slot blockers; use retail Ghidra/instructions and prototype before replacing
code/svo3/TextInputTag.cpp,scrollTextRightToFillWindow,0x01EFC814,0x180,assembly,Review recorded slot blockers; use retail Ghidra/instructions and prototype before replacing
code/svo3/TextInputTag.cpp,GetEditPosition___dupe2,0x01EFCB84,0x18,assembly,Review recorded slot blockers; use retail Ghidra/instructions and prototype before replacing
code/svo3/PasswordInputTag.cpp,defaultInit___dupe2,0x01EFD2FC,0x38,assembly,Review recorded slot blockers; use retail Ghidra/instructions and prototype before replacing
code/svo3/FormTag.cpp,Submit,0x01EFF30C,0x59C,assembly,Review recorded slot blockers; use retail Ghidra/instructions and prototype before replacing
code/svo3/SubmitInputTag.cpp,SubmitInputTag,0x01EFFAC0,0x184,assembly,Review recorded slot blockers; use retail Ghidra/instructions and prototype before replacing
code/svo3/LogoutTag.cpp,LogoutTag,0x01F002A4,0x34,assembly,Review recorded slot blockers; use retail Ghidra/instructions and prototype before replacing
code/svo3/GridTag.cpp,GridTag,0x01F007EC,0x57C,assembly,Review recorded slot blockers; use retail Ghidra/instructions and prototype before replacing
code/svo3/GridTag.cpp,Draw___dupe23,0x01F0139C,0xA34,assembly,Review recorded slot blockers; use retail Ghidra/instructions and prototype before replacing
code/svo3/GridTag.cpp,CalculateGridHeight,0x01F020DC,0xA8,assembly,Review recorded slot blockers; use retail Ghidra/instructions and prototype before replacing
code/svo3/GridTag.cpp,HandleColumnShuffling,0x01F0331C,0x12C,assembly,Review recorded slot blockers; use retail Ghidra/instructions and prototype before replacing
code/svo3/SVURIStore.cpp,operator.new___dupe10,0x01F042B8,0x3C,assembly,Review recorded slot blockers; use retail Ghidra/instructions and prototype before replacing
code/svo3/DataTag.cpp,getDataTypeAttrib,0x01F048C4,0x8C,assembly,Review recorded slot blockers; use retail Ghidra/instructions and prototype before replacing
code/svo3/DataTagModule.cpp,ScanTags___dupe5,0x01F049B8,0xA4,assembly,Review recorded slot blockers; use retail Ghidra/instructions and prototype before replacing
code/svo3/DataTagModule.cpp,getDataTypeAttrib___dupe2,0x01F04A5C,0x8C,assembly,Review recorded slot blockers; use retail Ghidra/instructions and prototype before replacing
code/svo3/CPluginManager.cpp,CPluginManager,0x01F04C2C,0x14,assembly,Review recorded slot blockers; use retail Ghidra/instructions and prototype before replacing
code/svo3/CPluginManager.cpp,operator.new___dupe11,0x01F04E88,0x3C,assembly,Review recorded slot blockers; use retail Ghidra/instructions and prototype before replacing
code/svo3/ListBoxTag.cpp,getSelectedItem,0x01F058D8,0xD0,assembly,Review recorded slot blockers; use retail Ghidra/instructions and prototype before replacing
code/svo3/ListBoxTag.cpp,populateListboxItems,0x01F05D6C,0x1C4,assembly,Review recorded slot blockers; use retail Ghidra/instructions and prototype before replacing
code/svo3/URISchemeMgr.cpp,Register,0x01F07094,0x3C,assembly,Review recorded slot blockers; use retail Ghidra/instructions and prototype before replacing
code/svo3/URISchemeMgr.cpp,CURISchemeMgr,0x01F07154,0x1C,assembly,Review recorded slot blockers; use retail Ghidra/instructions and prototype before replacing
code/svo3/LoginTagModule.cpp,ScanTags___dupe6,0x01F07B48,0x84,assembly,Review recorded slot blockers; use retail Ghidra/instructions and prototype before replacing
code/svo3/SVDownloadManager.cpp,operator.new___dupe13,0x01F0845C,0x3C,assembly,Review recorded slot blockers; use retail Ghidra/instructions and prototype before replacing
code/svo3/SVDownloadManager.cpp,_SVDownloadManager,0x01F084C8,0xE0,assembly,Review recorded slot blockers; use retail Ghidra/instructions and prototype before replacing
code/svo3/SVDownloadManager.cpp,SVDownloadManager,0x01F085A8,0x144,assembly,Review recorded slot blockers; use retail Ghidra/instructions and prototype before replacing
code/svo3/SVDownloadManager.cpp,shutdown___dupe3,0x01F08888,0x34,assembly,Review recorded slot blockers; use retail Ghidra/instructions and prototype before replacing
code/svo3/SVDownloadManager.cpp,doRequest___dupe4,0x01F088D0,0x2C4,assembly,Review recorded slot blockers; use retail Ghidra/instructions and prototype before replacing
code/svo3/SVDownloadManager.cpp,draw___dupe2,0x01F08B94,0x684,assembly,Review recorded slot blockers; use retail Ghidra/instructions and prototype before replacing
code/svo3/SVDownloadManager.cpp,okToNavigate___dupe4,0x01F09218,0xCC,assembly,Review recorded slot blockers; use retail Ghidra/instructions and prototype before replacing
code/svo3/SVDownloadManager.cpp,formatDownloadStatusText,0x01F092E4,0x10C,assembly,Review recorded slot blockers; use retail Ghidra/instructions and prototype before replacing
code/svo3/SVDownloadManager.cpp,UpdateFileDownload,0x01F0953C,0x214,assembly,Review recorded slot blockers; use retail Ghidra/instructions and prototype before replacing
code/svo3/SVDownloadManager.cpp,OnURIRequestIsOkContinueDownload,0x01F09964,0x178,assembly,Review recorded slot blockers; use retail Ghidra/instructions and prototype before replacing
code/svo3/SVFileDownloadQueue.cpp,setFileDownloadProps,0x01F09D00,0xF0,assembly,Review recorded slot blockers; use retail Ghidra/instructions and prototype before replacing
code/svo3/SVFileDownloadQueue.cpp,operator.new___dupe14,0x01F09F0C,0x3C,assembly,Review recorded slot blockers; use retail Ghidra/instructions and prototype before replacing
code/svo3/SVFileDownloadQueue.cpp,find___dupe2,0x01F0A0AC,0x7C,assembly,Review recorded slot blockers; use retail Ghidra/instructions and prototype before replacing
code/svo3/TickerTag.cpp,Draw___dupe27,0x01F0BDDC,0xFC,assembly,Review recorded slot blockers; use retail Ghidra/instructions and prototype before replacing
code/svo3/TickerTag.cpp,getTickerTypeAttrib,0x01F0BEE0,0x90,assembly,Review recorded slot blockers; use retail Ghidra/instructions and prototype before replacing
code/svo3/SVO_DBG.cpp,__SVO_Assert_Handler,0x01F0C090,0x104,assembly,Review recorded slot blockers; use retail Ghidra/instructions and prototype before replacing
code/svo3/BrowserInitTag.cpp,BrowserInitTag,0x01F0C1F8,0x34,assembly,Review recorded slot blockers; use retail Ghidra/instructions and prototype before replacing
code/svo3/PageRequestListener.cpp,func_01F27658,0x01F27658,0x4,assembly,Preserve trailing padding; not a function replacement
