name,address,owner,evidence,references
svoPageHistorySource,0x0019C588,code/svo3/PageHistory.cpp,"retail split address references and Ghidra; existing storage, no allocation",
svoHistoryHomePage,0x0019C598,code/svo3/PageHistory.cpp,"retail split address references and Ghidra; existing storage, no allocation",
svoChronographSource,0x0019C5A8,code/svo3/SVChronograph.cpp,"retail split address references and Ghidra; existing storage, no allocation",
svoTimerMilliseconds,0x0016E448,code/svo3/SVChronograph.cpp,"retail split address references and Ghidra; existing storage, no allocation",
svoSockVtable,0x00170020,code/svo3/SVSock.cpp,"retail split address references and Ghidra; existing storage, no allocation",
svoUTF8Source,0x0019D750,code/svo3/UTF8_Util.cpp,"retail split address references and Ghidra; existing storage, no allocation",
svoButtonTagModuleSource,0x0019CA08,code/svo3/ButtonTagModule.cpp,"retail split address references and Ghidra; existing storage, no allocation",IsMyTag___dupe2@0x01EF5F88
svoButtonTagModuleTagName,0x0019CA20,code/svo3/ButtonTagModule.cpp,"retail split address references and Ghidra; existing storage, no allocation",IsMyTag___dupe2@0x01EF5F88
svoButtonTagModuleInstance,0x0016E558,code/svo3/ButtonTagModule.cpp,"retail split address references and Ghidra; existing storage, no allocation",getInstance___dupe4@0x01EF6048; FreeResources___dupe6@0x01EF608C
svoButtonTagModuleVtable,0x001700E0,code/svo3/ButtonTagModule.cpp,"retail split address references and Ghidra; existing storage, no allocation",getInstance___dupe4@0x01EF6048
svoLineTagModuleSource,0x0019CAE8,code/svo3/LineTagModule.cpp,"retail split address references and Ghidra; existing storage, no allocation",IsMyTag___dupe3@0x01EF6390; BuildTag___dupe4@0x01EF63F0
svoLineTagModuleTagName,0x0019CB00,code/svo3/LineTagModule.cpp,"retail split address references and Ghidra; existing storage, no allocation",IsMyTag___dupe3@0x01EF6390
svoLineTagModuleInstance,0x0016E570,code/svo3/LineTagModule.cpp,"retail split address references and Ghidra; existing storage, no allocation",getInstance___dupe5@0x01EF6470; FreeResources___dupe8@0x01EF64B4
svoLineTagModuleVtable,0x00170170,code/svo3/LineTagModule.cpp,"retail split address references and Ghidra; existing storage, no allocation",getInstance___dupe5@0x01EF6470
svoRectangleTagModuleSource,0x0019CC30,code/svo3/RectangleTagModule.cpp,"retail split address references and Ghidra; existing storage, no allocation",IsMyTag___dupe5@0x01EF6B08; BuildTag___dupe6@0x01EF6B68
svoRectangleTagModuleTagName,0x0019CC48,code/svo3/RectangleTagModule.cpp,"retail split address references and Ghidra; existing storage, no allocation",IsMyTag___dupe5@0x01EF6B08
svoRectangleTagModuleInstance,0x0016E578,code/svo3/RectangleTagModule.cpp,"retail split address references and Ghidra; existing storage, no allocation",getInstance___dupe7@0x01EF6BE8; FreeResources___dupe11@0x01EF6C2C
svoRectangleTagModuleVtable,0x00170238,code/svo3/RectangleTagModule.cpp,"retail split address references and Ghidra; existing storage, no allocation",getInstance___dupe7@0x01EF6BE8
svoHiddenInputTagModuleSource,0x0019DFB0,code/svo3/HiddenInputTagModule.cpp,"retail split address references and Ghidra; existing storage, no allocation",IsMyTag___dupe20@0x01F03B5C; BuildTag___dupe21@0x01F03BF8
svoHiddenInputTagModuleTypeAttribute,0x0019DFD0,code/svo3/HiddenInputTagModule.cpp,"retail split address references and Ghidra; existing storage, no allocation",IsMyTag___dupe20@0x01F03B5C
svoHiddenInputTagModuleTagName,0x0019DFD8,code/svo3/HiddenInputTagModule.cpp,"retail split address references and Ghidra; existing storage, no allocation",IsMyTag___dupe20@0x01F03B5C
svoHiddenInputTagModuleInputType,0x0019DFE0,code/svo3/HiddenInputTagModule.cpp,"retail split address references and Ghidra; existing storage, no allocation",IsMyTag___dupe20@0x01F03B5C
svoHiddenInputTagModuleInstance,0x0016E5E8,code/svo3/HiddenInputTagModule.cpp,"retail split address references and Ghidra; existing storage, no allocation",getInstance___dupe22@0x01F03C88; FreeResources___dupe41@0x01F03CCC
svoHiddenInputTagModuleVtable,0x00170B80,code/svo3/HiddenInputTagModule.cpp,"retail split address references and Ghidra; existing storage, no allocation",getInstance___dupe22@0x01F03C88
svoPasswordInputTagModuleSource,0x0019D7C8,code/svo3/PasswordInputTagModule.cpp,"retail split address references and Ghidra; existing storage, no allocation",IsMyTag___dupe12@0x01EFD4C8; BuildTag___dupe13@0x01EFD564
svoPasswordInputTagModuleTypeAttribute,0x0019D7E8,code/svo3/PasswordInputTagModule.cpp,"retail split address references and Ghidra; existing storage, no allocation",IsMyTag___dupe12@0x01EFD4C8
svoPasswordInputTagModuleTagName,0x0019D7F0,code/svo3/PasswordInputTagModule.cpp,"retail split address references and Ghidra; existing storage, no allocation",IsMyTag___dupe12@0x01EFD4C8
svoPasswordInputTagModuleInputType,0x0019D7F8,code/svo3/PasswordInputTagModule.cpp,"retail split address references and Ghidra; existing storage, no allocation",IsMyTag___dupe12@0x01EFD4C8
svoPasswordInputTagModuleInstance,0x0016E5C0,code/svo3/PasswordInputTagModule.cpp,"retail split address references and Ghidra; existing storage, no allocation",getInstance___dupe14@0x01EFD5F4; FreeResources___dupe25@0x01EFD638
svoPasswordInputTagModuleVtable,0x00170700,code/svo3/PasswordInputTagModule.cpp,"retail split address references and Ghidra; existing storage, no allocation",getInstance___dupe14@0x01EFD5F4
svoSubmitInputTagModuleSource,0x0019DB70,code/svo3/SubmitInputTagModule.cpp,"retail split address references and Ghidra; existing storage, no allocation",IsMyTag___dupe16@0x01F000C0; BuildTag___dupe17@0x01F0015C
svoSubmitInputTagModuleTypeAttribute,0x0019DB90,code/svo3/SubmitInputTagModule.cpp,"retail split address references and Ghidra; existing storage, no allocation",IsMyTag___dupe16@0x01F000C0
svoSubmitInputTagModuleTagName,0x0019DB98,code/svo3/SubmitInputTagModule.cpp,"retail split address references and Ghidra; existing storage, no allocation",IsMyTag___dupe16@0x01F000C0
svoSubmitInputTagModuleInputType,0x0019DBA0,code/svo3/SubmitInputTagModule.cpp,"retail split address references and Ghidra; existing storage, no allocation",IsMyTag___dupe16@0x01F000C0
svoSubmitInputTagModuleInstance,0x0016E5D0,code/svo3/SubmitInputTagModule.cpp,"retail split address references and Ghidra; existing storage, no allocation",getInstance___dupe18@0x01F001EC; FreeResources___dupe33@0x01F00230
svoSubmitInputTagModuleVtable,0x00170940,code/svo3/SubmitInputTagModule.cpp,"retail split address references and Ghidra; existing storage, no allocation",getInstance___dupe18@0x01F001EC
svoRadioInputTagModuleSource,0x0019D8B8,code/svo3/RadioInputTagModule.cpp,"retail split address references and Ghidra; existing storage, no allocation",IsMyTag___dupe13@0x01EFDCE8; BuildTag___dupe14@0x01EFDD84
svoRadioInputTagModuleTypeAttribute,0x0019D8D0,code/svo3/RadioInputTagModule.cpp,"retail split address references and Ghidra; existing storage, no allocation",IsMyTag___dupe13@0x01EFDCE8
svoRadioInputTagModuleTagName,0x0019D8D8,code/svo3/RadioInputTagModule.cpp,"retail split address references and Ghidra; existing storage, no allocation",IsMyTag___dupe13@0x01EFDCE8
svoRadioInputTagModuleInputType,0x0019D8E0,code/svo3/RadioInputTagModule.cpp,"retail split address references and Ghidra; existing storage, no allocation",IsMyTag___dupe13@0x01EFDCE8
svoRadioInputTagModuleInstance,0x0016E5C4,code/svo3/RadioInputTagModule.cpp,"retail split address references and Ghidra; existing storage, no allocation",getInstance___dupe15@0x01EFDE14; FreeResources___dupe27@0x01EFDE58
svoRadioInputTagModuleVtable,0x00170790,code/svo3/RadioInputTagModule.cpp,"retail split address references and Ghidra; existing storage, no allocation",getInstance___dupe15@0x01EFDE14
svoTextInputTagModuleSource,0x0019D720,code/svo3/TextInputTagModule.cpp,"retail split address references and Ghidra; existing storage, no allocation",IsMyTag___dupe11@0x01EFCBAC; BuildTag___dupe12@0x01EFCC48
svoTextInputTagModuleTypeAttribute,0x0019D738,code/svo3/TextInputTagModule.cpp,"retail split address references and Ghidra; existing storage, no allocation",IsMyTag___dupe11@0x01EFCBAC
svoTextInputTagModuleTagName,0x0019D740,code/svo3/TextInputTagModule.cpp,"retail split address references and Ghidra; existing storage, no allocation",IsMyTag___dupe11@0x01EFCBAC
svoTextInputTagModuleInputType,0x0019D748,code/svo3/TextInputTagModule.cpp,"retail split address references and Ghidra; existing storage, no allocation",IsMyTag___dupe11@0x01EFCBAC
svoTextInputTagModuleInstance,0x0016E5BC,code/svo3/TextInputTagModule.cpp,"retail split address references and Ghidra; existing storage, no allocation",getInstance___dupe13@0x01EFCCD4; FreeResources___dupe24@0x01EFCD18
svoTextInputTagModuleVtable,0x00170640,code/svo3/TextInputTagModule.cpp,"retail split address references and Ghidra; existing storage, no allocation",getInstance___dupe13@0x01EFCCD4
svoTextTagModuleSource,0x0019C680,code/svo3/TextTagModule.cpp,"retail split address references and Ghidra; existing storage, no allocation",IsMyTag@0x01EF2B3C; BuildTag___dupe2@0x01EF2B9C
svoTextTagModuleTagName,0x0019C698,code/svo3/TextTagModule.cpp,"retail split address references and Ghidra; existing storage, no allocation",IsMyTag@0x01EF2B3C
svoTextTagModuleInstance,0x0016E494,code/svo3/TextTagModule.cpp,"retail split address references and Ghidra; existing storage, no allocation",getInstance___dupe2@0x01EF2C14; FreeResources___dupe3@0x01EF2C58
svoTextTagModuleVtable,0x0016FEF0,code/svo3/TextTagModule.cpp,"retail split address references and Ghidra; existing storage, no allocation",getInstance___dupe2@0x01EF2C14
svoTickerTagModuleSource,0x0019E700,code/svo3/TickerTagModule.cpp,"retail split address references and Ghidra; existing storage, no allocation",IsMyTag___dupe28@0x01F0BAA0; BuildTag___dupe28@0x01F0BB00
svoTickerTagModuleTagName,0x0019E718,code/svo3/TickerTagModule.cpp,"retail split address references and Ghidra; existing storage, no allocation",IsMyTag___dupe28@0x01F0BAA0
svoTickerTagModuleInstance,0x0016E66C,code/svo3/TickerTagModule.cpp,"retail split address references and Ghidra; existing storage, no allocation",getInstance___dupe30@0x01F0BB78; FreeResources___dupe58@0x01F0BBBC
svoTickerTagModuleVtable,0x00171050,code/svo3/TickerTagModule.cpp,"retail split address references and Ghidra; existing storage, no allocation",getInstance___dupe30@0x01F0BB78
svoPageIDTagModuleSource,0x0019E2B0,code/svo3/PageIDTagModule.cpp,"retail split address references and Ghidra; existing storage, no allocation",IsMyTag___dupe24@0x01F06574; BuildTag___dupe25@0x01F065D4
svoPageIDTagModuleTagName,0x0019E2C8,code/svo3/PageIDTagModule.cpp,"retail split address references and Ghidra; existing storage, no allocation",IsMyTag___dupe24@0x01F06574
svoPageIDTagModuleInstance,0x0016E604,code/svo3/PageIDTagModule.cpp,"retail split address references and Ghidra; existing storage, no allocation",getInstance___dupe26@0x01F06654; FreeResources___dupe50@0x01F06698
svoPageIDTagModuleVtable,0x00170DB0,code/svo3/PageIDTagModule.cpp,"retail split address references and Ghidra; existing storage, no allocation",getInstance___dupe26@0x01F06654
svoBrowserInitTagModuleSource,0x0019E8E8,code/svo3/BrowserInitTagModule.cpp,"retail split address references and Ghidra; existing storage, no allocation",IsMyTag___dupe29@0x01F0C2A8; BuildTag___dupe29@0x01F0C308
svoBrowserInitTagModuleTagName,0x0019E908,code/svo3/BrowserInitTagModule.cpp,"retail split address references and Ghidra; existing storage, no allocation",IsMyTag___dupe29@0x01F0C2A8
svoBrowserInitTagModuleInstance,0x0016F6B0,code/svo3/BrowserInitTagModule.cpp,"retail split address references and Ghidra; existing storage, no allocation",getInstance___dupe31@0x01F0C390; FreeResources___dupe61@0x01F0C3D4
svoBrowserInitTagModuleVtable,0x00171138,code/svo3/BrowserInitTagModule.cpp,"retail split address references and Ghidra; existing storage, no allocation",getInstance___dupe31@0x01F0C390
svoSockSource,0x0019C8E0,code/svo3/SVSock.cpp,"retail split address references and Ghidra; existing storage, no allocation",
svoCheckboxInputTagModuleSource,0x0019D998,code/svo3/CheckboxInputTagModule.cpp,"retail split address references and Ghidra; existing storage, no allocation",IsMyTag___dupe14@0x01EFE5BC; BuildTag___dupe15@0x01EFE658
svoCheckboxInputTagModuleTypeAttribute,0x0019D9B8,code/svo3/CheckboxInputTagModule.cpp,"retail split address references and Ghidra; existing storage, no allocation",IsMyTag___dupe14@0x01EFE5BC
svoCheckboxInputTagModuleTagName,0x0019D9C0,code/svo3/CheckboxInputTagModule.cpp,"retail split address references and Ghidra; existing storage, no allocation",IsMyTag___dupe14@0x01EFE5BC
svoCheckboxInputTagModuleInputType,0x0019D9C8,code/svo3/CheckboxInputTagModule.cpp,"retail split address references and Ghidra; existing storage, no allocation",IsMyTag___dupe14@0x01EFE5BC
svoCheckboxInputTagModuleInstance,0x0016E5C8,code/svo3/CheckboxInputTagModule.cpp,"retail split address references and Ghidra; existing storage, no allocation",getInstance___dupe16@0x01EFE6E8; FreeResources___dupe29@0x01EFE72C
svoCheckboxInputTagModuleVtable,0x00170820,code/svo3/CheckboxInputTagModule.cpp,"retail split address references and Ghidra; existing storage, no allocation",getInstance___dupe16@0x01EFE6E8
svoFormTagModuleSource,0x0019DA60,code/svo3/FormTagModule.cpp,"retail split address references and Ghidra; existing storage, no allocation",IsMyTag___dupe15@0x01EFF8A8; BuildTag___dupe16@0x01EFF908
svoFormTagModuleTagName,0x0019DA78,code/svo3/FormTagModule.cpp,"retail split address references and Ghidra; existing storage, no allocation",IsMyTag___dupe15@0x01EFF8A8
svoFormTagModuleInstance,0x0016E5CC,code/svo3/FormTagModule.cpp,"retail split address references and Ghidra; existing storage, no allocation",getInstance___dupe17@0x01EFF990; FreeResources___dupe31@0x01EFF9D4
svoFormTagModuleVtable,0x001708B0,code/svo3/FormTagModule.cpp,"retail split address references and Ghidra; existing storage, no allocation",getInstance___dupe17@0x01EFF990
svoGenericListBoxTagModuleSource,0x0019E6D0,code/svo3/GenericListBoxTagModule.cpp,"retail split address references and Ghidra; existing storage, no allocation",IsMyTag___dupe27@0x01F0B940; BuildTag___dupe27@0x01F0B9A0
svoGenericListBoxTagModuleTagName,0x0019E6F0,code/svo3/GenericListBoxTagModule.cpp,"retail split address references and Ghidra; existing storage, no allocation",IsMyTag___dupe27@0x01F0B940
svoGenericListBoxTagModuleInstance,0x0016E668,code/svo3/GenericListBoxTagModule.cpp,"retail split address references and Ghidra; existing storage, no allocation",getInstance___dupe29@0x01F0BA20; FreeResources___dupe57@0x01F0BA64
svoGenericListBoxTagModuleVtable,0x00171018,code/svo3/GenericListBoxTagModule.cpp,"retail split address references and Ghidra; existing storage, no allocation",getInstance___dupe29@0x01F0BA20
svoGridTagModuleSource,0x0019DEF8,code/svo3/GridTagModule.cpp,"retail split address references and Ghidra; existing storage, no allocation",IsMyTag___dupe18@0x01F03448; BuildTag___dupe19@0x01F034A8
svoGridTagModuleTagName,0x0019DF10,code/svo3/GridTagModule.cpp,"retail split address references and Ghidra; existing storage, no allocation",IsMyTag___dupe18@0x01F03448
svoGridTagModuleInstance,0x0016E5E0,code/svo3/GridTagModule.cpp,"retail split address references and Ghidra; existing storage, no allocation",getInstance___dupe20@0x01F03530; FreeResources___dupe37@0x01F03574
svoGridTagModuleVtable,0x00170A60,code/svo3/GridTagModule.cpp,"retail split address references and Ghidra; existing storage, no allocation",getInstance___dupe20@0x01F03530
svoListBoxTagModuleSource,0x0019E290,code/svo3/ListBoxTagModule.cpp,"retail split address references and Ghidra; existing storage, no allocation",IsMyTag___dupe23@0x01F06414; BuildTag___dupe24@0x01F06474
svoListBoxTagModuleTagName,0x0019E2A8,code/svo3/ListBoxTagModule.cpp,"retail split address references and Ghidra; existing storage, no allocation",IsMyTag___dupe23@0x01F06414
svoListBoxTagModuleInstance,0x0016E600,code/svo3/ListBoxTagModule.cpp,"retail split address references and Ghidra; existing storage, no allocation",getInstance___dupe25@0x01F064F4; FreeResources___dupe49@0x01F06538
svoListBoxTagModuleVtable,0x00170D78,code/svo3/ListBoxTagModule.cpp,"retail split address references and Ghidra; existing storage, no allocation",getInstance___dupe25@0x01F064F4
svoLogoutTagModuleSource,0x0019DBC8,code/svo3/LogoutTagModule.cpp,"retail split address references and Ghidra; existing storage, no allocation",IsMyTag___dupe17@0x01F0036C; BuildTag___dupe18@0x01F003CC
svoLogoutTagModuleTagName,0x0019DBE0,code/svo3/LogoutTagModule.cpp,"retail split address references and Ghidra; existing storage, no allocation",IsMyTag___dupe17@0x01F0036C
svoLogoutTagModuleInstance,0x0016E5D4,code/svo3/LogoutTagModule.cpp,"retail split address references and Ghidra; existing storage, no allocation",getInstance___dupe19@0x01F0044C; FreeResources___dupe35@0x01F00490
svoLogoutTagModuleVtable,0x001709D0,code/svo3/LogoutTagModule.cpp,"retail split address references and Ghidra; existing storage, no allocation",getInstance___dupe19@0x01F0044C
svoPopupTagModuleSource,0x0019DF40,code/svo3/PopupTagModule.cpp,"retail split address references and Ghidra; existing storage, no allocation",IsMyTag___dupe19@0x01F036BC; BuildTag___dupe20@0x01F0371C
svoPopupTagModuleTagName,0x0019DF58,code/svo3/PopupTagModule.cpp,"retail split address references and Ghidra; existing storage, no allocation",IsMyTag___dupe19@0x01F036BC
svoPopupTagModuleInstance,0x0016E5E4,code/svo3/PopupTagModule.cpp,"retail split address references and Ghidra; existing storage, no allocation",getInstance___dupe21@0x01F0379C; FreeResources___dupe39@0x01F037E0
svoPopupTagModuleVtable,0x00170AF0,code/svo3/PopupTagModule.cpp,"retail split address references and Ghidra; existing storage, no allocation",getInstance___dupe21@0x01F0379C
svoQuickLinkTagModuleSource,0x0019CEC0,code/svo3/QuickLinkTagModule.cpp,"retail split address references and Ghidra; existing storage, no allocation",IsMyTag___dupe6@0x01EF71E8; BuildTag___dupe7@0x01EF7248
svoQuickLinkTagModuleTagName,0x0019CED8,code/svo3/QuickLinkTagModule.cpp,"retail split address references and Ghidra; existing storage, no allocation",IsMyTag___dupe6@0x01EF71E8
svoQuickLinkTagModuleInstance,0x0016E57C,code/svo3/QuickLinkTagModule.cpp,"retail split address references and Ghidra; existing storage, no allocation",getInstance___dupe8@0x01EF72C8; FreeResources___dupe14@0x01EF730C
svoQuickLinkTagModuleVtable,0x00170320,code/svo3/QuickLinkTagModule.cpp,"retail split address references and Ghidra; existing storage, no allocation",getInstance___dupe8@0x01EF72C8
svoSelectTagModuleSource,0x0019D050,code/svo3/SelectTagModule.cpp,"retail split address references and Ghidra; existing storage, no allocation",IsMyTag___dupe7@0x01EF7E00; BuildTag___dupe8@0x01EF7E60
svoSelectTagModuleTagName,0x0019D068,code/svo3/SelectTagModule.cpp,"retail split address references and Ghidra; existing storage, no allocation",IsMyTag___dupe7@0x01EF7E00
svoSelectTagModuleInstance,0x0016E58C,code/svo3/SelectTagModule.cpp,"retail split address references and Ghidra; existing storage, no allocation",getInstance___dupe9@0x01EF7EF0; FreeResources___dupe16@0x01EF7F34
svoSelectTagModuleVtable,0x001703B0,code/svo3/SelectTagModule.cpp,"retail split address references and Ghidra; existing storage, no allocation",getInstance___dupe9@0x01EF7EF0
svoSetVariableTagModuleSource,0x0019CC08,code/svo3/SetVariableTagModule.cpp,"retail split address references and Ghidra; existing storage, no allocation",IsMyTag___dupe4@0x01EF69C8
svoSetVariableTagModuleTagName,0x0019CC28,code/svo3/SetVariableTagModule.cpp,"retail split address references and Ghidra; existing storage, no allocation",IsMyTag___dupe4@0x01EF69C8
svoSetVariableTagModuleInstance,0x0016E574,code/svo3/SetVariableTagModule.cpp,"retail split address references and Ghidra; existing storage, no allocation",getInstance___dupe6@0x01EF6A88; FreeResources___dupe10@0x01EF6ACC
svoSetVariableTagModuleVtable,0x00170200,code/svo3/SetVariableTagModule.cpp,"retail split address references and Ghidra; existing storage, no allocation",getInstance___dupe6@0x01EF6A88
svoStaticImageTagModuleSource,0x0019D180,code/svo3/StaticImageTagModule.cpp,"retail split address references and Ghidra; existing storage, no allocation",IsMyTag___dupe9@0x01EF8B54; BuildTag___dupe10@0x01EF8BB4
svoStaticImageTagModuleTagName,0x0019D1A0,code/svo3/StaticImageTagModule.cpp,"retail split address references and Ghidra; existing storage, no allocation",IsMyTag___dupe9@0x01EF8B54
svoStaticImageTagModuleInstance,0x0016E5A8,code/svo3/StaticImageTagModule.cpp,"retail split address references and Ghidra; existing storage, no allocation",getInstance___dupe11@0x01EF8C34; FreeResources___dupe19@0x01EF8C78
svoStaticImageTagModuleVtable,0x00170478,code/svo3/StaticImageTagModule.cpp,"retail split address references and Ghidra; existing storage, no allocation",getInstance___dupe11@0x01EF8C34
svoTextAreaTagModuleSource,0x0019D450,code/svo3/TextAreaTagModule.cpp,"retail split address references and Ghidra; existing storage, no allocation",IsMyTag___dupe10@0x01EFB5F0; BuildTag___dupe11@0x01EFB650
svoTextAreaTagModuleTagName,0x0019D468,code/svo3/TextAreaTagModule.cpp,"retail split address references and Ghidra; existing storage, no allocation",IsMyTag___dupe10@0x01EFB5F0
svoTextAreaTagModuleInstance,0x0016E5B0,code/svo3/TextAreaTagModule.cpp,"retail split address references and Ghidra; existing storage, no allocation",getInstance___dupe12@0x01EFB6E0; FreeResources___dupe22@0x01EFB724
svoTextAreaTagModuleVtable,0x00170580,code/svo3/TextAreaTagModule.cpp,"retail split address references and Ghidra; existing storage, no allocation",getInstance___dupe12@0x01EFB6E0
svoHttpUtilsSource,0x0019E360,code/svo3/HttpUtils.cpp,"Retail Ghidra and split instruction references; existing storage, no allocation",HttpUtils retail module references
svoHttpEscapeFormat,0x0019E370,code/svo3/HttpUtils.cpp,"Retail Ghidra and split instruction references; existing storage, no allocation",HttpUtils retail module references
svoHttpDoubleSlash,0x0019E378,code/svo3/HttpUtils.cpp,"Retail Ghidra and split instruction references; existing storage, no allocation",HttpUtils retail module references
svoHttpColon,0x0019E380,code/svo3/HttpUtils.cpp,"Retail Ghidra and split instruction references; existing storage, no allocation",HttpUtils retail module references
svoHttpSlash,0x0019E388,code/svo3/HttpUtils.cpp,"Retail Ghidra and split instruction references; existing storage, no allocation",HttpUtils retail module references
svoHttpEntityMap,0x0016E608,code/svo3/HttpUtils.cpp,"Retail Ghidra and split instruction references; existing storage, no allocation",HttpUtils retail module references
svoHttpInvalidChars,0x0016E650,code/svo3/HttpUtils.cpp,"Retail Ghidra and split instruction references; existing storage, no allocation",HttpUtils retail module references
svoDNSCache,0x001B7FE0,code/svo3/DNSCache.cpp,"Retail Ghidra and split instruction references; existing storage, no allocation",DNSCache retail module references
svoDNSCacheInitialized,0x0016E660,code/svo3/DNSCache.cpp,"Retail Ghidra and split instruction references; existing storage, no allocation",DNSCache retail module references
svoDNSCacheSource,0x0019E460,code/svo3/DNSCache.cpp,"Retail Ghidra and split instruction references; existing storage, no allocation",DNSCache retail module references
svoCookieJarInstance,0x0016E440,code/svo3/CCookie.cpp,"Retail Ghidra and split instruction references; existing storage, no allocation",getInstance@0x01EEFEB8; setCookie@0x01EEFF4C; asHeaderString@0x01EF00F8; parseSetCookieHeader@0x01EF0284; freeResources___dupe3@0x01EF0378
svoCookieSource,0x0019C500,code/svo3/CCookie.cpp,"Retail Ghidra and split instruction references; existing storage, no allocation",getInstance@0x01EEFEB8; setCookie@0x01EEFF4C; asHeaderString@0x01EF00F8; parseSetCookieHeader@0x01EF0284; freeResources___dupe3@0x01EF0378
svoCookieHeaderPrefix,0x0019C510,code/svo3/CCookie.cpp,"Retail Ghidra and split instruction references; existing storage, no allocation",getInstance@0x01EEFEB8; setCookie@0x01EEFF4C; asHeaderString@0x01EF00F8; parseSetCookieHeader@0x01EF0284; freeResources___dupe3@0x01EF0378
svoCookieSeparator,0x0019C520,code/svo3/CCookie.cpp,"Retail Ghidra and split instruction references; existing storage, no allocation",getInstance@0x01EEFEB8; setCookie@0x01EEFF4C; asHeaderString@0x01EF00F8; parseSetCookieHeader@0x01EF0284; freeResources___dupe3@0x01EF0378
svoCookiePairFormat,0x0019C528,code/svo3/CCookie.cpp,"Retail Ghidra and split instruction references; existing storage, no allocation",getInstance@0x01EEFEB8; setCookie@0x01EEFF4C; asHeaderString@0x01EF00F8; parseSetCookieHeader@0x01EF0284; freeResources___dupe3@0x01EF0378
svoCookieLineEnd,0x0019C530,code/svo3/CCookie.cpp,"Retail Ghidra and split instruction references; existing storage, no allocation",getInstance@0x01EEFEB8; setCookie@0x01EEFF4C; asHeaderString@0x01EF00F8; parseSetCookieHeader@0x01EF0284; freeResources___dupe3@0x01EF0378
svoCookieRequestHeader,0x0019C538,code/svo3/CCookie.cpp,"Retail Ghidra and split instruction references; existing storage, no allocation",getInstance@0x01EEFEB8; setCookie@0x01EEFF4C; asHeaderString@0x01EF00F8; parseSetCookieHeader@0x01EF0284; freeResources___dupe3@0x01EF0378
svoTagModuleListInstance,0x0016E498,code/svo3/SVTagModuleList.cpp,"Retail Ghidra and split instruction references; existing storage, no allocation",SVTagModuleList@0x01EF2C94; getInstance___dupe3@0x01EF2CC4; FreeResources___dupe4@0x01EF2D10; AddTagModule@0x01EF2D88; operator.new___dupe6@0x01EF2DB8
svoTagModuleListSource,0x0019C6A0,code/svo3/SVTagModuleList.cpp,"Retail Ghidra and split instruction references; existing storage, no allocation",SVTagModuleList@0x01EF2C94; getInstance___dupe3@0x01EF2CC4; FreeResources___dupe4@0x01EF2D10; AddTagModule@0x01EF2D88; operator.new___dupe6@0x01EF2DB8
svoPluginManagerSource,0x0019E160,code/svo3/CPluginManager.cpp,"Retail Ghidra and split instruction references; existing storage, no allocation",CPluginManager@0x01F04C2C; Initialize___dupe5@0x01F04C40; Update___dupe112@0x01F04C74; AddMessage@0x01F04CEC; EmptyMessageQueue@0x01F04E28; operator.new___dupe11@0x01F04E88
svoPluginNullSenderName,0x0019E158,code/svo3/CPluginManager.cpp,"Retail Ghidra and split instruction references; existing storage, no allocation",CPluginManager@0x01F04C2C; Initialize___dupe5@0x01F04C40; Update___dupe112@0x01F04C74; AddMessage@0x01F04CEC; EmptyMessageQueue@0x01F04E28; operator.new___dupe11@0x01F04E88
svoURIStoreSource,0x0019E050,code/svo3/SVURIStore.cpp,"Retail Ghidra and split instruction references; existing storage, no allocation",FreeResources___dupe43@0x01F04068; URIEntry@0x01F040A4; FreeResources___dupe44@0x01F040B0; GetValueStr@0x01F0410C; matchesMyLookup@0x01F0414C; setURIProps@0x01F041A0; operator.new___dupe10@0x01F042B8; URIStore@0x01F042F4; add@0x01F0435C; find@0x01F0443C; FreeResources___dupe45@0x01F044F4; LoadInFromMemory@0x01F04538
svoURIStoreDelimiter,0x0019E068,code/svo3/SVURIStore.cpp,"Retail Ghidra and split instruction references; existing storage, no allocation",FreeResources___dupe43@0x01F04068; URIEntry@0x01F040A4; FreeResources___dupe44@0x01F040B0; GetValueStr@0x01F0410C; matchesMyLookup@0x01F0414C; setURIProps@0x01F041A0; operator.new___dupe10@0x01F042B8; URIStore@0x01F042F4; add@0x01F0435C; find@0x01F0443C; FreeResources___dupe45@0x01F044F4; LoadInFromMemory@0x01F04538
svoRedirectTagModuleInstance,0x0016E5EC,code/svo3/RedirectTagModule.cpp,"Retail Ghidra and split instruction references; existing storage, no allocation",IsMyTag___dupe21@0x01F03F44; BuildTag___dupe22@0x01F03FA4; getInstance___dupe23@0x01F04024
svoRedirectTagModuleSource,0x0019E028,code/svo3/RedirectTagModule.cpp,"Retail Ghidra and split instruction references; existing storage, no allocation",IsMyTag___dupe21@0x01F03F44; BuildTag___dupe22@0x01F03FA4; getInstance___dupe23@0x01F04024
svoRedirectTagModuleTagName,0x0019E040,code/svo3/RedirectTagModule.cpp,"Retail Ghidra and split instruction references; existing storage, no allocation",IsMyTag___dupe21@0x01F03F44; BuildTag___dupe22@0x01F03FA4; getInstance___dupe23@0x01F04024
svoRedirectTagModuleVtable,0x00170C10,code/svo3/RedirectTagModule.cpp,"Retail Ghidra and split instruction references; existing storage, no allocation",IsMyTag___dupe21@0x01F03F44; BuildTag___dupe22@0x01F03FA4; getInstance___dupe23@0x01F04024
svoURISchemeManager,0x001B7FA0,code/svo3/URISchemeMgr.cpp,"Retail Ghidra and split instruction references; existing storage, no allocation",IURISchemeProvider@0x01F07050; _IURISchemeProvider@0x01F07060; Register@0x01F07094; DeRegister@0x01F070D0; Get@0x01F07100; CURISchemeMgr@0x01F07154; _CURISchemeMgr@0x01F07170; Register___dupe2@0x01F07198; DeRegister___dupe2@0x01F072C8; HasProvider@0x01F07300; GetProvider@0x01F07320; GetFreeProvider@0x01F073AC; doRequest___dupe3@0x01F07458; init___dupe2@0x01F074CC; shutdown___dupe2@0x01F074FC; LoadStatePostGameFromPersistentData___dupe4@0x01F07554; __tcf_0@0x01F075D0
svoURISchemeManagerInitialized,0x0016E654,code/svo3/URISchemeMgr.cpp,"Retail Ghidra and split instruction references; existing storage, no allocation",IURISchemeProvider@0x01F07050; _IURISchemeProvider@0x01F07060; Register@0x01F07094; DeRegister@0x01F070D0; Get@0x01F07100; CURISchemeMgr@0x01F07154; _CURISchemeMgr@0x01F07170; Register___dupe2@0x01F07198; DeRegister___dupe2@0x01F072C8; HasProvider@0x01F07300; GetProvider@0x01F07320; GetFreeProvider@0x01F073AC; doRequest___dupe3@0x01F07458; init___dupe2@0x01F074CC; shutdown___dupe2@0x01F074FC; LoadStatePostGameFromPersistentData___dupe4@0x01F07554; __tcf_0@0x01F075D0
svoURISchemeSource,0x0019E390,code/svo3/URISchemeMgr.cpp,"Retail Ghidra and split instruction references; existing storage, no allocation",IURISchemeProvider@0x01F07050; _IURISchemeProvider@0x01F07060; Register@0x01F07094; DeRegister@0x01F070D0; Get@0x01F07100; CURISchemeMgr@0x01F07154; _CURISchemeMgr@0x01F07170; Register___dupe2@0x01F07198; DeRegister___dupe2@0x01F072C8; HasProvider@0x01F07300; GetProvider@0x01F07320; GetFreeProvider@0x01F073AC; doRequest___dupe3@0x01F07458; init___dupe2@0x01F074CC; shutdown___dupe2@0x01F074FC; LoadStatePostGameFromPersistentData___dupe4@0x01F07554; __tcf_0@0x01F075D0
svoURISchemeProviderVtable,0x00170E40,code/svo3/URISchemeMgr.cpp,"Retail Ghidra and split instruction references; existing storage, no allocation",IURISchemeProvider@0x01F07050; _IURISchemeProvider@0x01F07060; Register@0x01F07094; DeRegister@0x01F070D0; Get@0x01F07100; CURISchemeMgr@0x01F07154; _CURISchemeMgr@0x01F07170; Register___dupe2@0x01F07198; DeRegister___dupe2@0x01F072C8; HasProvider@0x01F07300; GetProvider@0x01F07320; GetFreeProvider@0x01F073AC; doRequest___dupe3@0x01F07458; init___dupe2@0x01F074CC; shutdown___dupe2@0x01F074FC; LoadStatePostGameFromPersistentData___dupe4@0x01F07554; __tcf_0@0x01F075D0
svoTagVtable,0x0016FF60,code/svo3/SVTag.cpp,Retail Ghidra and split references; prototype/dltypes names; existing storage,
svoTagSource,0x0019C7B8,code/svo3/SVTag.cpp,Retail Ghidra and split references; prototype/dltypes names; existing storage,
svoTagNavUpAttribute,0x0019C880,code/svo3/SVTag.cpp,Retail Ghidra and split references; prototype/dltypes names; existing storage,
svoTagNavDownAttribute,0x0019C888,code/svo3/SVTag.cpp,Retail Ghidra and split references; prototype/dltypes names; existing storage,
svoTagNavLeftAttribute,0x0019C890,code/svo3/SVTag.cpp,Retail Ghidra and split references; prototype/dltypes names; existing storage,
svoTagNavRightAttribute,0x0019C898,code/svo3/SVTag.cpp,Retail Ghidra and split references; prototype/dltypes names; existing storage,
svoLogoutTagName,0x0019DBA8,code/svo3/LogoutTag.cpp,Retail Ghidra and split references; prototype/dltypes names; existing storage,
svoLogoutTagSource,0x0019DBB8,code/svo3/LogoutTag.cpp,Retail Ghidra and split references; prototype/dltypes names; existing storage,
svoLogoutTagVtable,0x00170978,code/svo3/LogoutTag.cpp,Retail Ghidra and split references; prototype/dltypes names; existing storage,
svoBrowserInitTagName,0x0019E8D8,code/svo3/BrowserInitTag.cpp,Retail Ghidra and split references; prototype/dltypes names; existing storage,
svoBrowserInitTagVtable,0x001710E0,code/svo3/BrowserInitTag.cpp,Retail Ghidra and split references; prototype/dltypes names; existing storage,
svoBrowserInitAlreadyHappened,0x0016F6AC,code/svo3/BrowserInitTag.cpp,Retail Ghidra and split references; prototype/dltypes names; existing storage,
svoRedirectTagName,0x0019E000,code/svo3/RedirectTag.cpp,Retail Ghidra and split references; prototype/dltypes names; existing storage,
svoRedirectTagSource,0x0019E018,code/svo3/RedirectTag.cpp,Retail Ghidra and split references; prototype/dltypes names; existing storage,
svoRedirectLinkAttribute,0x0019E010,code/svo3/RedirectTag.cpp,Retail Ghidra and split references; prototype/dltypes names; existing storage,
svoRedirectTagVtable,0x00170BB8,code/svo3/RedirectTag.cpp,Retail Ghidra and split references; prototype/dltypes names; existing storage,
svoLineTagName,0x0019CC58,code/svo3/LineTag.cpp,Retail Ghidra and split references; prototype/dltypes names; existing storage,
svoLineTagSource,0x0019CC98,code/svo3/LineTag.cpp,Retail Ghidra and split references; prototype/dltypes names; existing storage,
svoLineEndXAttribute,0x0019CC60,code/svo3/LineTag.cpp,Retail Ghidra and split references; prototype/dltypes names; existing storage,
svoLineEndYAttribute,0x0019CC68,code/svo3/LineTag.cpp,Retail Ghidra and split references; prototype/dltypes names; existing storage,
svoLineThicknessAttribute,0x0019CC70,code/svo3/LineTag.cpp,Retail Ghidra and split references; prototype/dltypes names; existing storage,
svoLineColorAttribute,0x0019CC80,code/svo3/LineTag.cpp,Retail Ghidra and split references; prototype/dltypes names; existing storage,
svoLineClassAttribute,0x0019CC90,code/svo3/LineTag.cpp,Retail Ghidra and split references; prototype/dltypes names; existing storage,
svoLineTagVtable,0x00170270,code/svo3/LineTag.cpp,Retail Ghidra and split references; prototype/dltypes names; existing storage,
svoRectangleTagName,0x0019CA28,code/svo3/RectangleTag.cpp,Retail Ghidra and split references; prototype/dltypes names; existing storage,
svoRectangleTagSource,0x0019CAD0,code/svo3/RectangleTag.cpp,Retail Ghidra and split references; prototype/dltypes names; existing storage,
svoRectangleThicknessAttribute,0x0019CAA0,code/svo3/RectangleTag.cpp,Retail Ghidra and split references; prototype/dltypes names; existing storage,
svoRectangleRadiusAttribute,0x0019CAB0,code/svo3/RectangleTag.cpp,Retail Ghidra and split references; prototype/dltypes names; existing storage,
svoRectangleZAttribute,0x0019CAC0,code/svo3/RectangleTag.cpp,Retail Ghidra and split references; prototype/dltypes names; existing storage,
svoRectangleClassAttribute,0x0019CAC8,code/svo3/RectangleTag.cpp,Retail Ghidra and split references; prototype/dltypes names; existing storage,
svoRectangleGradientAttributes,0x0016E560,code/svo3/RectangleTag.cpp,Retail Ghidra and split references; prototype/dltypes names; existing storage,
svoRectangleTagVtable,0x00170118,code/svo3/RectangleTag.cpp,Retail Ghidra and split references; prototype/dltypes names; existing storage,
svoDownloadBinaryVtable,0x00170E68,code/svo3/DownloadBinary.cpp,retail Ghidra and split instruction references; existing storage,
svoParseXMLVtable,0x00170EB0,code/svo3/ParseXML.cpp,retail Ghidra and split instruction references; existing storage,
svoParseSVMLAddObjectsVtable,0x00170ED0,code/svo3/ParseSVMLAddObjects.cpp,retail Ghidra and split instruction references; existing storage,
svoParseSVMLAddObjectsCheckString,0x0019E448,code/svo3/ParseSVMLAddObjects.cpp,retail Ghidra and split instruction references; existing storage,
svoParseSVMLForDownloadsVtable,0x00170EF0,code/svo3/ParseSVMLForDownloads.cpp,retail Ghidra and split instruction references; existing storage,
svoParseSVMLForDownloadsCheckString,0x0019E450,code/svo3/ParseSVMLForDownloads.cpp,retail Ghidra and split instruction references; existing storage,
svoParseXMLInfoVtable,0x00170F10,code/svo3/ParseXMLInfo.cpp,retail Ghidra and split instruction references; existing storage,
svoParseXMLInfoCheckString,0x0019E458,code/svo3/ParseXMLInfo.cpp,retail Ghidra and split instruction references; existing storage,
svoPageRequestListenerSource,0x0019E918,code/svo3/PageRequestListener.cpp,retail Ghidra and split instruction references; existing storage,
svoPageRequestListenerVtable,0x00171170,code/svo3/PageRequestListener.cpp,retail Ghidra and split instruction references; existing storage,
svoPageRequestDownloadBuffer,0x001B8440,code/svo3/PageRequestListener.cpp,retail Ghidra and split instruction references; existing storage,
svoFileDownloadQueueSource,0x0019E5C0,code/svo3/SVFileDownloadQueue.cpp,retail Ghidra and split instruction references; existing storage,
svoTagUtilsSource,0x0019C6B8,code/svo3/TagUtils.cpp,retail Ghidra and split instruction references; existing storage,
svoTagTrue,0x0019C6C8,code/svo3/TagUtils.cpp,retail Ghidra and split instruction references; existing storage,
svoTagFalse,0x0019C6D0,code/svo3/TagUtils.cpp,retail Ghidra and split instruction references; existing storage,
svoTagCenter,0x0019C6D8,code/svo3/TagUtils.cpp,retail Ghidra and split instruction references; existing storage,
svoTagLeft,0x0019C6E0,code/svo3/TagUtils.cpp,retail Ghidra and split instruction references; existing storage,
svoTagRight,0x0019C6E8,code/svo3/TagUtils.cpp,retail Ghidra and split instruction references; existing storage,
svoTagLinkOptions,0x0016E4A0,code/svo3/TagUtils.cpp,retail Ghidra and split instruction references; existing storage,
svoBrowserInstance,0x0016E430,code/svo3/SVBrowser.cpp,retail Ghidra and split instruction references; existing storage,
svoBrowserSource,0x0019C400,code/svo3/SVBrowser.cpp,retail Ghidra and split instruction references; existing storage,
svoPopupTagName,0x0019DF20,code/svo3/PopupTag.cpp,retail Ghidra and split instruction references; existing storage,
svoPopupTagSource,0x0019DF30,code/svo3/PopupTag.cpp,retail Ghidra and split instruction references; existing storage,
svoPopupClassAttribute,0x0019DF18,code/svo3/PopupTag.cpp,retail Ghidra and split instruction references; existing storage,
svoPopupTagVtable,0x00170A98,code/svo3/PopupTag.cpp,retail Ghidra and split instruction references; existing storage,
svoDataTagName,0x0019E078,code/svo3/DataTag.cpp,retail Ghidra and split instruction references; existing storage,
svoDataTagSource,0x0019E090,code/svo3/DataTag.cpp,retail Ghidra and split instruction references; existing storage,
svoDataIDAttribute,0x0019E0A0,code/svo3/DataTag.cpp,retail Ghidra and split instruction references; existing storage,
svoDataURIAttribute,0x0019E0A8,code/svo3/DataTag.cpp,retail Ghidra and split instruction references; existing storage,
svoDataSrcAttribute,0x0019E0B0,code/svo3/DataTag.cpp,retail Ghidra and split instruction references; existing storage,
svoDataAllowNavAttribute,0x0019E0B8,code/svo3/DataTag.cpp,retail Ghidra and split instruction references; existing storage,
svoDataFalse,0x0019E0C8,code/svo3/DataTag.cpp,retail Ghidra and split instruction references; existing storage,
svoDataTrue,0x0019E0D0,code/svo3/DataTag.cpp,retail Ghidra and split instruction references; existing storage,
svoPageIDTagName,0x0019E2D0,code/svo3/PageIDTag.cpp,retail Ghidra and split instruction references; existing storage,
svoPageIDTagSource,0x0019E2E0,code/svo3/PageIDTag.cpp,retail Ghidra and split instruction references; existing storage,
svoPageIDNameAttribute,0x0019E2F0,code/svo3/PageIDTag.cpp,retail Ghidra and split instruction references; existing storage,
svoPageIDTagVtable,0x00170DE8,code/svo3/PageIDTag.cpp,retail Ghidra and split instruction references; existing storage,
svoCreateGameTagModuleVtable,0x00170F58,code/svo3/CreateGameTagModule.cpp,retail Ghidra and split instruction references; existing storage,
svoCreateGameTagModuleSource,0x0019E5D8,code/svo3/CreateGameTagModule.cpp,retail Ghidra and split instruction references; existing storage,
svoCreateGameTagModuleInstance,0x0016E664,code/svo3/CreateGameTagModule.cpp,retail Ghidra and split instruction references; existing storage,
svoGenericListBoxTagSource,0x0019E698,code/svo3/GenericListBoxTag.cpp,retail Ghidra and split instruction references; existing storage,
svoLoginTagModuleVtable,0x00170E78,code/svo3/LoginTagModule.cpp,retail Ghidra and split instruction references; existing storage,
svoLoginTagModuleInstance,0x0016E658,code/svo3/LoginTagModule.cpp,retail Ghidra and split instruction references; existing storage,
svoLoginTagModuleSource,0x0019E3C8,code/svo3/LoginTagModule.cpp,retail Ghidra and split instruction references; existing storage,
svoBaseTagModuleVtable,0x0016FF28,code/svo3/LoginTagModule.cpp,retail Ghidra and split instruction references; existing storage,
svoLoginTagModuleName,0x0019E3E0,code/svo3/LoginTagModule.cpp,retail Ghidra and split instruction references; existing storage,
svoRTCommSockSendBufferSize,0x0016E4C8,code/svo3/RTCommSock.cpp,retail Ghidra and split instruction references; existing storage,
svoImageTagModuleInstance,0x0016E590,code/svo3/ImageTagModule.cpp,retail Ghidra and split instruction references; existing storage,
svoImageTagModuleVtable,0x001703E8,code/svo3/ImageTagModule.cpp,retail Ghidra and split instruction references; existing storage,
svoImageTagModuleSource,0x0019D070,code/svo3/ImageTagModule.cpp,retail Ghidra and split instruction references; existing storage,
svoImageTagModuleName,0x0019D088,code/svo3/ImageTagModule.cpp,retail Ghidra and split instruction references; existing storage,
svoDataTagModuleInstance,0x0016E5FC,code/svo3/DataTagModule.cpp,retail Ghidra and split instruction references; existing storage,
svoDataTagModuleVtable,0x00170CA0,code/svo3/DataTagModule.cpp,retail Ghidra and split instruction references; existing storage,
svoDataTagModuleSource,0x0019E0F0,code/svo3/DataTagModule.cpp,retail Ghidra and split instruction references; existing storage,
svoDataTagModuleName,0x0019E108,code/svo3/DataTagModule.cpp,retail Ghidra and split instruction references; existing storage,
svoHiddenInputTagFormNameAttribute,0x0019DFA8,code/svo3/HiddenInputTag.cpp,"retail split references and Ghidra, corroborated with prototype; existing storage",
svoHiddenInputTagSource,0x0019DF78,code/svo3/HiddenInputTag.cpp,"retail split references and Ghidra, corroborated with prototype; existing storage",
svoHiddenInputTagName,0x0019DF60,code/svo3/HiddenInputTag.cpp,"retail split references and Ghidra, corroborated with prototype; existing storage",
svoSelectTagFormNameAttribute,0x0019D048,code/svo3/SelectTag.cpp,"retail split references and Ghidra, corroborated with prototype; existing storage",
svoSelectEmptyOption,0x0016E588,code/svo3/SelectTag.cpp,"retail split references and Ghidra, corroborated with prototype; existing storage",
svoTextInputTagFormNameAttribute,0x0019D718,code/svo3/TextInputTag.cpp,"retail split references and Ghidra, corroborated with prototype; existing storage",
svoTextInputTagSource,0x0019D4A0,code/svo3/TextInputTag.cpp,"retail split references and Ghidra, corroborated with prototype; existing storage",
svoTextAreaTagFormNameAttribute,0x0019D448,code/svo3/TextAreaTag.cpp,"retail split references and Ghidra, corroborated with prototype; existing storage",
svoTextAreaTagSource,0x0019D240,code/svo3/TextAreaTag.cpp,"retail split references and Ghidra, corroborated with prototype; existing storage",
svoTextAreaTagVtable,0x00170508,code/svo3/TextAreaTag.cpp,"retail split references and Ghidra, corroborated with prototype; existing storage",
svoRadioInputTagFormNameAttribute,0x0019D8B0,code/svo3/RadioInputTag.cpp,"retail split references and Ghidra, corroborated with prototype; existing storage",
svoRadioInputTagSource,0x0019D858,code/svo3/RadioInputTag.cpp,"retail split references and Ghidra, corroborated with prototype; existing storage",
svoRadioInputTagName,0x0019D808,code/svo3/RadioInputTag.cpp,"retail split references and Ghidra, corroborated with prototype; existing storage",
svoCheckboxInputTagFormNameAttribute,0x0019D988,code/svo3/CheckboxInputTag.cpp,"retail split references and Ghidra, corroborated with prototype; existing storage",
svoCheckboxInputTagSource,0x0019D938,code/svo3/CheckboxInputTag.cpp,"retail split references and Ghidra, corroborated with prototype; existing storage",
svoCheckboxInputTagVtable,0x001707C8,code/svo3/CheckboxInputTag.cpp,"retail split references and Ghidra, corroborated with prototype; existing storage",
svoCheckboxInputTagName,0x0019D8E8,code/svo3/CheckboxInputTag.cpp,"retail split references and Ghidra, corroborated with prototype; existing storage",
svoSubmitInputTagFormNameAttribute,0x0019DB68,code/svo3/SubmitInputTag.cpp,"retail split references and Ghidra, corroborated with prototype; existing storage",
svoSubmitInputTagSource,0x0019DA98,code/svo3/SubmitInputTag.cpp,"retail split references and Ghidra, corroborated with prototype; existing storage",
svoPasswordInputTagName,0x0019D798,code/svo3/PasswordInputTag.cpp,"retail split references and Ghidra, corroborated with prototype; existing storage",
svoPasswordInputTagSource,0x0019D7B0,code/svo3/PasswordInputTag.cpp,"retail split references and Ghidra, corroborated with prototype; existing storage",
svoPasswordInputTagVtable,0x00170678,code/svo3/PasswordInputTag.cpp,"retail split references and Ghidra, corroborated with prototype; existing storage",
svoFormTagSource,0x0019D9E8,code/svo3/FormTag.cpp,"retail split references and Ghidra, corroborated with prototype; existing storage",
svoFormUnsetGroup,0x0019DA58,code/svo3/FormTag.cpp,"retail split references and Ghidra, corroborated with prototype; existing storage",
svoFormTagName,0x0019D9D8,code/svo3/FormTag.cpp,"retail split references and Ghidra, corroborated with prototype; existing storage",
svoFormActionAttribute,0x0019D9E0,code/svo3/FormTag.cpp,"retail split references and Ghidra, corroborated with prototype; existing storage",
svoFormEncodingAttribute,0x0019D9F8,code/svo3/FormTag.cpp,"retail split references and Ghidra, corroborated with prototype; existing storage",
svoFormDefaultEncoding,0x0019DA00,code/svo3/FormTag.cpp,"retail split references and Ghidra, corroborated with prototype; existing storage",
svoFormMethodAttribute,0x0019DA28,code/svo3/FormTag.cpp,"retail split references and Ghidra, corroborated with prototype; existing storage",
svoFormPost,0x0019DA30,code/svo3/FormTag.cpp,"retail split references and Ghidra, corroborated with prototype; existing storage",
svoFormGet,0x0019DA38,code/svo3/FormTag.cpp,"retail split references and Ghidra, corroborated with prototype; existing storage",
svoFormLogin,0x0019DA40,code/svo3/FormTag.cpp,"retail split references and Ghidra, corroborated with prototype; existing storage",
svoFormAudioClass,0x0019DA48,code/svo3/FormTag.cpp,"retail split references and Ghidra, corroborated with prototype; existing storage",
svoListBoxTagSource,0x0019E200,code/svo3/ListBoxTag.cpp,"retail split references and Ghidra, corroborated with prototype; existing storage",
svoListBoxTagVtable,0x00170CD8,code/svo3/ListBoxTag.cpp,"retail split references and Ghidra, corroborated with prototype; existing storage",
svoPageSource,0x0019B460,code/svo3/CPage.cpp,"retail split references and Ghidra, corroborated with prototype; existing storage",
svoButtonTagVtable,0x00170088,code/svo3/buttonTag.cpp,"retail split references and Ghidra, corroborated with prototype; existing storage",
svoSetVariableTagVtable,0x001701A8,code/svo3/SetVariableTag.cpp,"retail split references and Ghidra, corroborated with prototype; existing storage",
svoTextTagVtable,0x0016FE98,code/svo3/TextTag.cpp,"retail split references and Ghidra, corroborated with prototype; existing storage",
svoTickerTagVtable,0x00171088,code/svo3/TickerTag.cpp,"retail split references and Ghidra, corroborated with prototype; existing storage",
svoFormTagVtable,0x00170858,code/svo3/FormTag.cpp,"retail split references and Ghidra, corroborated with prototype; existing storage",
svoGenericListBoxTagName,0x0019E650,code/svo3/GenericListBoxTag.cpp,"retail split references and Ghidra, corroborated with prototype; existing storage",
svoListBoxTagName,0x0019E178,code/svo3/ListBoxTag.cpp,"retail split references and Ghidra, corroborated with prototype; existing storage",
svoNextTagId,0x0016E3A8,code/svo3/ListBoxTag.cpp,"retail split references and Ghidra, corroborated with prototype; existing storage",
svoImageTypeStrings,0x0016E598,code/svo3/ImageTag.cpp,"retail split references and Ghidra, corroborated with prototype; existing storage",
svoTickerTypeStrings,0x0016E670,code/svo3/TickerTag.cpp,"retail split references and Ghidra, corroborated with prototype; existing storage",
svoTickerTypeAttribute,0x0019E7A0,code/svo3/TickerTag.cpp,"retail split references and Ghidra, corroborated with prototype; existing storage",
svoTickerTagName,0x0019E720,code/svo3/TickerTag.cpp,"retail split references and Ghidra, corroborated with prototype; existing storage",
svoRTCommEndSVML,0x0019C8D0,code/svo3/RTCommSock.cpp,"retail split references and Ghidra, corroborated with prototype; existing storage",
svoRTCommEndXML,0x0019C8D8,code/svo3/RTCommSock.cpp,"retail split references and Ghidra, corroborated with prototype; existing storage",
svoSetVariableTagName,0x0019CB08,code/svo3/SetVariableTag.cpp,"retail split references and Ghidra, corroborated with prototype; existing storage",
svoQuickLinkTagName,0x0019CCA8,code/svo3/QuickLinkTag.cpp,"retail split references and Ghidra, corroborated with prototype; existing storage",
svoButtonTagName,0x0019C8F0,code/svo3/buttonTag.cpp,"retail split references and Ghidra, corroborated with prototype; existing storage",
svoTextTagName,0x0019C5F0,code/svo3/TextTag.cpp,"retail split references and Ghidra, corroborated with prototype; existing storage",
svoHttpSource,0x0019B870,code/svo3/CHttp.cpp,"retail split references and Ghidra, corroborated with prototype; existing storage",
svoHttpVersionPrefix,0x0019BA30,code/svo3/CHttp.cpp,"retail split references and Ghidra, corroborated with prototype; existing storage",
svoHttpSecureSource,0x0019B160,code/svo3/HttpSecure.cpp,"retail split references and Ghidra, corroborated with prototype; existing storage",
svoHttpSecureVtable,0x0016FC48,code/svo3/HttpSecure.cpp,"retail split references and Ghidra, corroborated with prototype; existing storage",
svoSSLDestroy,0x0016E390,code/svo3/HttpSecure.cpp,"retail split references and Ghidra, corroborated with prototype; existing storage",
svoSSLCallback,0x0016E394,code/svo3/HttpSecure.cpp,"retail split references and Ghidra, corroborated with prototype; existing storage",
svoTournamentHomeName,0x0019B6D8,code/svo3/CPage.cpp,"retail split references and Ghidra, corroborated with prototype; existing storage",
svoTournamentSelectedTagName,0x0016E39C,code/svo3/CPage.cpp,"retail split references and Ghidra, corroborated with prototype; existing storage",
svoPageContextData,0x001BD2B0,code/svo3/CPage.cpp,"retail split references and Ghidra, corroborated with prototype; existing storage",
svoPageSchemeSeparator,0x0019B690,code/svo3/CPage.cpp,"retail split references and Ghidra, corroborated with prototype; existing storage",
svoPageStaticScheme,0x0019B698,code/svo3/CPage.cpp,"retail split references and Ghidra, corroborated with prototype; existing storage",
svoPageTextAreaTagName,0x0019B6E8,code/svo3/CPage.cpp,"retail split references and Ghidra, corroborated with prototype; existing storage",
svoHttpVtable,0x0016FCC0,code/svo3/CHttp.cpp,"retail split references and Ghidra, corroborated with prototype; existing storage",
svoHttpHeaderEnd,0x0019BA08,code/svo3/CHttp.cpp,"retail split references and Ghidra, corroborated with prototype; existing storage",
svoHttpMD5Suffix,0x0019B9F8,code/svo3/CHttp.cpp,"retail split references and Ghidra, corroborated with prototype; existing storage",
svoHttpEmptyString,0x0019BA00,code/svo3/CHttp.cpp,"retail split references and Ghidra, corroborated with prototype; existing storage",
svoBrowserPageIDTagName,0x0019C4F0,code/svo3/SVBrowser.cpp,"retail split references and Ghidra, corroborated with prototype; existing storage",
svoSVTagModuleSource,0x0019C7A8,code/svo3/SVTagModule.cpp,"retail split references and Ghidra, corroborated with prototype; existing storage",
svoSVDownloadManagerSource,0x0019E470,code/svo3/SVDownloadManager.cpp,"retail split references and Ghidra, corroborated with prototype; existing storage",
svoRTCommSockSource,0x0019C8C0,code/svo3/RTCommSock.cpp,"retail split references and Ghidra, corroborated with prototype; existing storage",
svoRTCommSockVtable,0x0016FFB8,code/svo3/RTCommSock.cpp,"retail split references and Ghidra, corroborated with prototype; existing storage",
svoRTCommAddrVtable,0x00170010,code/svo3/RTCommSock.cpp,"retail split references and Ghidra, corroborated with prototype; existing storage",
svoDNSLookupFinished,0x0021D9B4,code/svo3/RTCommSock.cpp,"retail split references and Ghidra, corroborated with prototype; existing storage",
svoDNSLookupResult,0x0016E554,code/svo3/RTCommSock.cpp,"retail split references and Ghidra, corroborated with prototype; existing storage",
svoGridTagSource,0x0019DC20,code/svo3/GridTag.cpp,"retail split references and Ghidra, corroborated with prototype; existing storage",
svoGridTagVtable,0x00170A08,code/svo3/GridTag.cpp,"retail split references and Ghidra, corroborated with prototype; existing storage",
svoGridRowsName,0x0019DE70,code/svo3/GridTag.cpp,"retail split references and Ghidra, corroborated with prototype; existing storage",
svoGridColumnsName,0x0019DE78,code/svo3/GridTag.cpp,"retail split references and Ghidra, corroborated with prototype; existing storage",
svoGridRowName,0x0019DE80,code/svo3/GridTag.cpp,"retail split references and Ghidra, corroborated with prototype; existing storage",
svoGridRecordRowName,0x0019DE88,code/svo3/GridTag.cpp,"retail split references and Ghidra, corroborated with prototype; existing storage",
svoGridColumnName,0x0019DEB8,code/svo3/GridTag.cpp,"retail split references and Ghidra, corroborated with prototype; existing storage",
svoGridClassAttribute,0x0019DC98,code/svo3/GridTag.cpp,"retail split references and Ghidra, corroborated with prototype; existing storage",
svoGridTooltipAttribute,0x0019DCB0,code/svo3/GridTag.cpp,"retail split references and Ghidra, corroborated with prototype; existing storage",
svoGridColWidthAttribute,0x0019DCB8,code/svo3/GridTag.cpp,"retail split references and Ghidra, corroborated with prototype; existing storage",
svoGridRowHeightAttribute,0x0019DCC8,code/svo3/GridTag.cpp,"retail split references and Ghidra, corroborated with prototype; existing storage",
svoGridTextColorAttribute,0x0019DCF8,code/svo3/GridTag.cpp,"retail split references and Ghidra, corroborated with prototype; existing storage",
svoGridLineColorAttribute,0x0019DD08,code/svo3/GridTag.cpp,"retail split references and Ghidra, corroborated with prototype; existing storage",
svoGridFillColorAttribute,0x0019DD18,code/svo3/GridTag.cpp,"retail split references and Ghidra, corroborated with prototype; existing storage",
svoGridHighlightTextAttribute,0x0019DD28,code/svo3/GridTag.cpp,"retail split references and Ghidra, corroborated with prototype; existing storage",
svoGridHighlightLineAttribute,0x0019DD40,code/svo3/GridTag.cpp,"retail split references and Ghidra, corroborated with prototype; existing storage",
svoGridHighlightFillAttribute,0x0019DD58,code/svo3/GridTag.cpp,"retail split references and Ghidra, corroborated with prototype; existing storage",
svoGridRecordSpaceAttribute,0x0019DE98,code/svo3/GridTag.cpp,"retail split references and Ghidra, corroborated with prototype; existing storage",
svoGridCellName,0x0019DEB0,code/svo3/GridTag.cpp,"retail split references and Ghidra, corroborated with prototype; existing storage",
svoGridLinkAttribute,0x0019DEC0,code/svo3/GridTag.cpp,"retail split references and Ghidra, corroborated with prototype; existing storage",
svoGridLinkOptionAttribute,0x0019DEC8,code/svo3/GridTag.cpp,"retail split references and Ghidra, corroborated with prototype; existing storage",
svoGridAlignAttribute,0x0019DED8,code/svo3/GridTag.cpp,"retail split references and Ghidra, corroborated with prototype; existing storage",
svoGridHeightAttribute,0x0019DEE0,code/svo3/GridTag.cpp,"retail split references and Ghidra, corroborated with prototype; existing storage",
svoGridFontSizeAttribute,0x0019DEE8,code/svo3/GridTag.cpp,"retail split references and Ghidra, corroborated with prototype; existing storage",
svoGridTagName,0x0019DBE8,code/svo3/GridTag.cpp,"retail split references and Ghidra, corroborated with prototype; existing storage",
svoSelectTagName,0x0019CEE8,code/svo3/SelectTag.cpp,"retail split references and Ghidra, corroborated with prototype; existing storage",
svoImageTagName,0x0019D0E0,code/svo3/ImageTag.cpp,"retail split references and Ghidra, corroborated with prototype; existing storage",
svoStaticImageTagName,0x0019D1B0,code/svo3/StaticImageTag.cpp,"retail split references and Ghidra, corroborated with prototype; existing storage",
svoStaticImageUnsetName,0x0019D1C0,code/svo3/StaticImageTag.cpp,"retail split references and Ghidra, corroborated with prototype; existing storage",
svoQuickLinkVtable,0x001702C8,code/svo3/QuickLinkTag.cpp,"retail split references and Ghidra, corroborated with prototype; existing storage",
svoQuickLinkButtonAttribute,0x0019CCB8,code/svo3/QuickLinkTag.cpp,"retail split references and Ghidra, corroborated with prototype; existing storage",
svoQuickLinkOptionAttribute,0x0019CCC0,code/svo3/QuickLinkTag.cpp,"retail split references and Ghidra, corroborated with prototype; existing storage",
svoQuickLinkLinkAttribute,0x0019CCD0,code/svo3/QuickLinkTag.cpp,"retail split references and Ghidra, corroborated with prototype; existing storage",
svoPadLinkButtonNames,0x0019CCF8,code/svo3/QuickLinkTag.cpp,"retail split references and Ghidra, corroborated with prototype; existing storage",
svoPadLinkButtonValues,0x0019CE58,code/svo3/QuickLinkTag.cpp,"retail split references and Ghidra, corroborated with prototype; existing storage",
svoSetVariableSource,0x0019CB38,code/svo3/SetVariableTag.cpp,"retail split references and Ghidra, corroborated with prototype; existing storage",
svoSendBufferAttribute,0x0019CBF0,code/svo3/SetVariableTag.cpp,"retail split references and Ghidra, corroborated with prototype; existing storage",
svoDecryptBufferAttribute,0x0019CBC0,code/svo3/SetVariableTag.cpp,"retail split references and Ghidra, corroborated with prototype; existing storage",
svoEncryptBufferAttribute,0x0019CBD8,code/svo3/SetVariableTag.cpp,"retail split references and Ghidra, corroborated with prototype; existing storage",
svoAutoRefreshAttribute,0x0019CB18,code/svo3/SetVariableTag.cpp,"retail split references and Ghidra, corroborated with prototype; existing storage",
svoIPAddressAttribute,0x0019CB28,code/svo3/SetVariableTag.cpp,"retail split references and Ghidra, corroborated with prototype; existing storage",
svoTTYServerNameAttribute,0x0019CBA0,code/svo3/SetVariableTag.cpp,"retail split references and Ghidra, corroborated with prototype; existing storage",
svoTTYServerPortAttribute,0x0019CBB0,code/svo3/SetVariableTag.cpp,"retail split references and Ghidra, corroborated with prototype; existing storage",
svoThrobberXAttribute,0x0019CB50,code/svo3/SetVariableTag.cpp,"retail split references and Ghidra, corroborated with prototype; existing storage",
svoThrobberYAttribute,0x0019CB60,code/svo3/SetVariableTag.cpp,"retail split references and Ghidra, corroborated with prototype; existing storage",
svoThrobberWAttribute,0x0019CB70,code/svo3/SetVariableTag.cpp,"retail split references and Ghidra, corroborated with prototype; existing storage",
svoThrobberHAttribute,0x0019CB80,code/svo3/SetVariableTag.cpp,"retail split references and Ghidra, corroborated with prototype; existing storage",
svoThrobberClassAttribute,0x0019CB90,code/svo3/SetVariableTag.cpp,"retail split references and Ghidra, corroborated with prototype; existing storage",
svoMD5Padding,0x0016E450,code/svo3/md5.cpp,"retail split references and Ghidra, corroborated with prototype; existing storage",
svoMD5HexDigits,0x0016E490,code/svo3/md5.cpp,"retail split references and Ghidra, corroborated with prototype; existing storage",
svoTextAreaTagName,0x0019D230,code/svo3/TextAreaTag.cpp,"retail split references and Ghidra, corroborated with prototype; existing storage",
svoTickerFontSizeAttribute,0x0019E730,code/svo3/TickerTag.cpp,"retail split references and Ghidra, corroborated with prototype; existing storage",
svoTickerDisplayLengthAttribute,0x0019E740,code/svo3/TickerTag.cpp,"retail split references and Ghidra, corroborated with prototype; existing storage",
svoTickerAlignAttribute,0x0019E750,code/svo3/TickerTag.cpp,"retail split references and Ghidra, corroborated with prototype; existing storage",
svoTickerHighlightAttribute,0x0019E758,code/svo3/TickerTag.cpp,"retail split references and Ghidra, corroborated with prototype; existing storage",
svoTickerTextColorAttribute,0x0019E768,code/svo3/TickerTag.cpp,"retail split references and Ghidra, corroborated with prototype; existing storage",
svoTickerClassAttribute,0x0019E778,code/svo3/TickerTag.cpp,"retail split references and Ghidra, corroborated with prototype; existing storage",
svoDataTagVtable,0x00170C48,code/svo3/DataTag.cpp,"retail split references and Ghidra, corroborated with prototype; existing storage",
svoDataTypeAttribute,0x0019E080,code/svo3/DataTag.cpp,"retail split references and Ghidra, corroborated with prototype; existing storage",
svoTextInputTagName,0x0019D480,code/svo3/TextInputTag.cpp,"retail split references and Ghidra, corroborated with prototype; existing storage",
svoTextInputTagVtable,0x001705B8,code/svo3/TextInputTag.cpp,"retail split references and Ghidra, corroborated with prototype; existing storage",
svoDebugSource,0x0019E7A8,code/svo3/SVO_DBG.cpp,"retail split references and Ghidra, corroborated with prototype; existing storage",
svoLibraryVersion,0x0019E7F0,code/svo3/SVO_DBG.cpp,"retail split references and Ghidra, corroborated with prototype; existing storage",
svoVersionMessage,0x0019E7B8,code/svo3/SVO_DBG.cpp,"retail split references and Ghidra, corroborated with prototype; existing storage",
svoLoginDTDAttribute,0x0019E440,code/svo3/LoginTagModule.cpp,"retail split references and Ghidra, corroborated with prototype; existing storage",
svoHiddenInputTagVtable,0x00170B28,code/svo3/HiddenInputTag.cpp,"retail split references and Ghidra, corroborated with prototype; existing storage",
svoHiddenValueAttribute,0x0019DF70,code/svo3/HiddenInputTag.cpp,"retail split references and Ghidra, corroborated with prototype; existing storage",
svoHiddenEncryptedAttribute,0x0019DF90,code/svo3/HiddenInputTag.cpp,"retail split references and Ghidra, corroborated with prototype; existing storage",
svoCheckboxSoundClass,0x0019D990,code/svo3/CheckboxInputTag.cpp,"retail split references and Ghidra, corroborated with prototype; existing storage",
